Images,1,2,3,4,5,6,7,8,9,10
ses_1_img_1,set1_1.png,set2_1.png,,,,,,,,
ses_1_img_2,set1_2.png,set2_2.png,,,,,,,,
ses_1_img_3,set1_3.png,set2_3.png,,,,,,,,
ses_1_img_4,set1_4.png,set2_4.png,,,,,,,,
ses_1_img_5,set1_5.png,set2_5.png,,,,,,,,
ses_1_img_6,set1_6.png,set2_6.png,,,,,,,,
ses_1_img_7,set1_7.png,set2_7.png,,,,,,,,
ses_1_img_8,set1_8.png,set2_8.png,,,,,,,,
ses_2_img_1,set2_1.png,set1_1.png,,,,,,,,
ses_2_img_2,set2_2.png,set1_2.png,,,,,,,,
ses_2_img_3,set2_3.png,set1_3.png,,,,,,,,
ses_2_img_4,set2_4.png,set1_4.png,,,,,,,,
ses_2_img_5,set2_5.png,set1_5.png,,,,,,,,
ses_2_img_6,set2_6.png,set1_6.png,,,,,,,,
ses_2_img_7,set2_7.png,set1_7.png,,,,,,,,
ses_2_img_8,set2_8.png,set1_8.png,,,,,,,,
ses_3_img_1,,,,,,,,,,
ses_3_img_2,,,,,,,,,,
ses_3_img_3,,,,,,,,,,
ses_3_img_4,,,,,,,,,,
ses_3_img_5,,,,,,,,,,
ses_3_img_6,,,,,,,,,,
ses_3_img_7,,,,,,,,,,
ses_3_img_8,,,,,,,,,,
ses_4_img_1,,,,,,,,,,
ses_4_img_2,,,,,,,,,,
ses_4_img_3,,,,,,,,,,
ses_4_img_4,,,,,,,,,,
ses_4_img_5,,,,,,,,,,
ses_4_img_6,,,,,,,,,,
ses_4_img_7,,,,,,,,,,
ses_4_img_8,,,,,,,,,,
ses_5_img_1,,,,,,,,,,
ses_5_img_2,,,,,,,,,,
ses_5_img_3,,,,,,,,,,
ses_5_img_4,,,,,,,,,,
ses_5_img_5,,,,,,,,,,
ses_5_img_6,,,,,,,,,,
ses_5_img_7,,,,,,,,,,
ses_5_img_8,,,,,,,,,,
ses_6_img_1,,,,,,,,,,
ses_6_img_2,,,,,,,,,,
ses_6_img_3,,,,,,,,,,
ses_6_img_4,,,,,,,,,,
ses_6_img_5,,,,,,,,,,
ses_6_img_6,,,,,,,,,,
ses_6_img_7,,,,,,,,,,
ses_6_img_8,,,,,,,,,,